sy3018	P003
td2702	P003
zw2775	P003
zx2367	P003
dm3689	P003
yy3182	P004
yd2615	P004
wc2786	P004
am5696	P004
jl6058	P004
yw3242	P005
gw2439	P005
kk3513	P005
hv2228	P005
yc4038	P005
bm2972	P005
sr3848	P005
rv2460	P007
zl2681	P009A
jl5749	P009A
zf2271	P009A
rs4205	P009A
xd2246	P009A
rz2562	P009A
lp2932	P011
jg4404	P011
ww2617	P011
zl3110	P011
vrj2110	P011
fh2422	P011
yg2831	P014
yan2104	P014
gg2797	P014
yz4200	P014
yq2334	P014
sn2949	P015
kzw2106	P015
ih2382	P015
hy2716	P015
cs4096	P015
kx2172	P016
sw3592	P016
ti2244	P016
pl2809	P016
hh2918	P016
yq2331	P017
mdk2170	P017
ht2571	P017
sz3026	P017
mx2259	P017
yh3408	P017
vwy2106	P050B
fw2377	P018
abm2203	P018
bd2627	P018
yh3412	P018
lt2673	P018
ryl2114	P020
cd3253	P020
yz4139	P020
yz4212	P020
kq2159	P020
kns2155	P020
kfa2118	P021
fsm2128	P021
ac4952	P021
veg2114	P021
ga2575	P021
ok2316	P022
dbl2134	P022
amj2210	P022
mh4197	P022
na2935	P022
sz2958	P023
yh3303	P023
fx2183	P023
yl4595	P023
yh3413	P023
aka2151	P023
lx2287	P024
qf2155	P024
yx2530	P024
yl4844	P024
hx2322	P024
nt2610	P025A
ha2605	P025A
el3152	P025A
zs2529	P025A
xs2415	P025A
zx2370	P025B
rp3061	P025B
sh4187	P025B
qs2235	P025B
zc2614	P025B
yz4153	P026A
jc5625	P026A
jl5817	P026A
yh3398	P026A
aj3039	P026A
sb3610	P026B
cg3280	P027
yh3402	P027
xf2232	P027
yg2822	P027
bs3358	P027
na2937	P029
ncg2135	P029
cyc2159	P029
hz2758	P029
zb2246	P029
yw3735	P030
dc3591	P030
rs4199	P030
ym2863	P030
ebs2195	P030
sl4380	P030
mw3555	P031
fl2595	P031
lm3657	P031
zy2497	P031
ys3504	P031
zz2898	P033A
ys3488	P033A
ar4279	P033A
zw2777	P033A
sj3136	P033A
aay2120	P033A
kg2962	P033A
lg3183	P033B
kz2403	P033B
yz4198	P033B
xp2194	P033B
yw3798	P033B
rs4216	P033B
xw2820	P033B
anp2160	P033B
mc5092	P035A
av3018	P035A
yz4133	P035A
xl3116	P035A
zz2873	P035A
zl2537	P035A
zx2371	P035A
mp4036	P035B
mhy2116	P035B
yy3184	P035B
nsj2117	P035B
xz3068	P035B
wl2825	P035B
sja2172	P035C
jz3411	P035C
sl4997	P035C
me2763	P035C
yl4848	P035C
kp2939	P035C
cp3225	P036
jup2103	P036
zl3093	P036
yl4884	P036
yy3186	P039
ww2616	P039
cy2629	P039
zl2951	P039
rc3417	P039
nw2482	P040
tl3103	P040
kz2404	P040
rw2906	P040
rm3878	P040
hl3513	P040
xz3058	P040
yh3434	P042
yb2524	P042
zw2787	P042
hm2896	P042
zg2415	P042
jj3207	P042
sw3612	P045
yd2546	P045
yh3406	P045
mc5103	P050A
sx2307	P050A
pn2378	P050A
tc3151	P050A
yy3174	P050A
yl4921	P050B
fa2603	P050B
sv2667	P052
jb4503	P052
wh2502	P052
sho2113	P052
kg2965	P054
yy2860	P054
hlk2131	P055
tl3101	P055
yg2816	P055
aa4820	P055
gm2997	P055
xl3137	P055
xl3137	P055
zl3124	P056
md4029	P056
ss6371	P056
xq2218	P056
yb2498	P056
